{"cameraMode":{"drawMode":0,"name":"Shaded","section":"Shading Mode"},"sceneLighting":true,"audioPlay":false,"sceneViewState":{"m_AlwaysRefresh":false,"showFog":true,"showSkybox":true,"showFlares":true,"showImageEffects":true,"showParticleSystems":true,"showVisualEffectGraphs":true,"m_FxEnabled":true},"in2DMode":false,"pivot":{"x":2.3525469303131105,"y":0.5749734044075012,"z":-7.507595062255859},"rotation":{"x":0.21618813276290894,"y":-0.6066086888313294,"z":0.17615017294883729,"w":0.7445045709609985},"size":2.125863790512085,"orthographic":false}